{
    "frag": {
        "k": 8.626590728759766,
        "theta": 30.45267105102539
    },
    "pcr_rate": 0.9525608420372009,
    "pulldown": {
        "f": 0.0004849345423281193,
        "s": 0.3557690680027008
    }
}
