{
    "frag": {
        "k": 4.997401714324951,
        "theta": 40.010398864746094
    },
    "pcr_rate": 0.9917335510253906,
    "pulldown": {
        "f": 9.776374645298347e-05,
        "s": 0.1285918802022934
    }
}
