{
    "frag": {
        "k": 9.068207740783691,
        "theta": 29.701902389526367
    },
    "pcr_rate": 0.9865738749504089,
    "pulldown": {
        "f": 0.00016791671805549413,
        "s": 0.2921079695224762
    }
}
