{
    "frag": {
        "k": 9.839739799499512,
        "theta": 28.513673782348633
    },
    "pcr_rate": 0.9307876229286194,
    "pulldown": {
        "f": 0.0016091139987111092,
        "s": 0.4980714023113251
    }
}
