{
    "frag": {
        "k": 9.812872886657715,
        "theta": 28.55268096923828
    },
    "pcr_rate": 0.9914067983627319,
    "pulldown": {
        "f": 5.137711195857264e-05,
        "s": 0.22129012644290924
    }
}
