{
    "frag": {
        "k": 9.070920944213867,
        "theta": 29.697460174560547
    },
    "pcr_rate": 0.9930596351623535,
    "pulldown": {
        "f": 3.8139060052344576e-05,
        "s": 0.19677317142486572
    }
}
