{
    "frag": {
        "k": 11.578407287597656,
        "theta": 26.285762786865234
    },
    "pcr_rate": 0.9881590008735657,
    "pulldown": {
        "f": 0.00010513127199374139,
        "s": 0.26968681812286377
    }
}
