{
    "frag": {
        "k": 8.748191833496094,
        "theta": 30.24028205871582
    },
    "pcr_rate": 0.994749128818512,
    "pulldown": {
        "f": 2.8761236535501666e-05,
        "s": 0.17221279442310333
    }
}
