{
    "frag": {
        "k": 7.602723598480225,
        "theta": 32.438472747802734
    },
    "pcr_rate": 0.9755703806877136,
    "pulldown": {
        "f": 0.00019692697969730943,
        "s": 0.21861594915390015
    }
}
