{
    "frag": {
        "k": 7.970043659210205,
        "theta": 31.68214988708496
    },
    "pcr_rate": 0.9964774250984192,
    "pulldown": {
        "f": 2.1461381038534455e-05,
        "s": 0.14709846675395966
    }
}
