{
    "frag": {
        "k": 9.498790740966797,
        "theta": 29.020896911621094
    },
    "pcr_rate": 0.9850094318389893,
    "pulldown": {
        "f": 0.00033158567384816706,
        "s": 0.31555482745170593
    }
}
