{
    "frag": {
        "k": 12.721892356872559,
        "theta": 25.076627731323242
    },
    "pcr_rate": 0.9834761619567871,
    "pulldown": {
        "f": 0.001757538178935647,
        "s": 0.3397887051105499
    }
}
