{
    "frag": {
        "k": 8.809246063232422,
        "theta": 30.13530731201172
    },
    "pcr_rate": 0.9677388668060303,
    "pulldown": {
        "f": 0.0002601256128400564,
        "s": 0.2642776370048523
    }
}
