{
    "frag": {
        "k": 5.546290397644043,
        "theta": 37.9790153503418
    },
    "pcr_rate": 0.9982241988182068,
    "pulldown": {
        "f": 1.5599734979332425e-05,
        "s": 0.12074798345565796
    }
}
