{
    "frag": {
        "k": 13.397991180419922,
        "theta": 24.435720443725586
    },
    "pcr_rate": 0.9897668957710266,
    "pulldown": {
        "f": 7.247066241689026e-05,
        "s": 0.24672101438045502
    }
}
