{
    "frag": {
        "k": 6.810929298400879,
        "theta": 34.272186279296875
    },
    "pcr_rate": 0.9835448861122131,
    "pulldown": {
        "f": 0.0001453790900995955,
        "s": 0.17381101846694946
    }
}
