{
    "frag": {
        "k": 9.663961410522461,
        "theta": 28.77182388305664
    },
    "pcr_rate": 0.9452072978019714,
    "pulldown": {
        "f": 0.0006846456089988351,
        "s": 0.4029437303543091
    }
}
