{
    "frag": {
        "k": 9.846410751342773,
        "theta": 28.504013061523438
    },
    "pcr_rate": 0.9379197359085083,
    "pulldown": {
        "f": 0.0010020072804763913,
        "s": 0.45028844475746155
    }
}
