{
    "frag": {
        "k": 9.989595413208008,
        "theta": 28.29899787902832
    },
    "pcr_rate": 0.9237883687019348,
    "pulldown": {
        "f": 0.003052640473470092,
        "s": 0.5465200543403625
    }
}
