{
    "frag": {
        "k": 8.538165092468262,
        "theta": 30.609956741333008
    },
    "pcr_rate": 0.9601085782051086,
    "pulldown": {
        "f": 0.000362639082595706,
        "s": 0.30979984998703003
    }
}
