{
    "frag": {
        "k": 11.546480178833008,
        "theta": 26.322078704833984
    },
    "pcr_rate": 0.9329289793968201,
    "pulldown": {
        "f": 0.0017331198323518038,
        "s": 0.5372021794319153
    }
}
