{
    "frag": {
        "k": 9.239607810974121,
        "theta": 29.425119400024414
    },
    "pcr_rate": 0.9568677544593811,
    "pulldown": {
        "f": 0.0009785678703337908,
        "s": 0.38138145208358765
    }
}
