{
    "frag": {
        "k": 12.150177955627441,
        "theta": 25.65982437133789
    },
    "pcr_rate": 0.9176787734031677,
    "pulldown": {
        "f": 0.0022405358031392097,
        "s": 0.6443882584571838
    }
}
