{
    "frag": {
        "k": 10.153260231018066,
        "theta": 28.069988250732422
    },
    "pcr_rate": 0.9651631116867065,
    "pulldown": {
        "f": 0.0007714548846706748,
        "s": 0.3312261700630188
    }
}
