{
    "frag": {
        "k": 9.19571304321289,
        "theta": 29.495264053344727
    },
    "pcr_rate": 0.9735736846923828,
    "pulldown": {
        "f": 0.0005857723299413919,
        "s": 0.28116461634635925
    }
}
