{
    "frag": {
        "k": 12.214669227600098,
        "theta": 25.591995239257813
    },
    "pcr_rate": 0.9252275824546814,
    "pulldown": {
        "f": 0.0019540968351066113,
        "s": 0.5906335711479187
    }
}
