{
    "frag": {
        "k": 3.435504913330078,
        "theta": 48.255821228027344
    },
    "pcr_rate": 0.9909789562225342,
    "pulldown": {
        "f": 0.00031779828714206815,
        "s": 0.18100012838840485
    }
}
