{
    "frag": {
        "k": 5.987693786621094,
        "theta": 36.55234146118164
    },
    "pcr_rate": 0.9821703433990479,
    "pulldown": {
        "f": 0.0004415001312736422,
        "s": 0.2308395653963089
    }
}
