{
    "frag": {
        "k": 10.284457206726074,
        "theta": 27.890371322631836
    },
    "pcr_rate": 0.9407670497894287,
    "pulldown": {
        "f": 0.0015213391743600368,
        "s": 0.4845535159111023
    }
}
