{
    "frag": {
        "k": 8.596244812011719,
        "theta": 30.506376266479492
    },
    "pcr_rate": 0.9487314820289612,
    "pulldown": {
        "f": 0.0012653921730816364,
        "s": 0.4322570860385895
    }
}
