{
    "frag": {
        "k": 6.510398864746094,
        "theta": 35.054290771484375
    },
    "pcr_rate": 0.9515323042869568,
    "pulldown": {
        "f": 0.010044737718999386,
        "s": 0.7203499674797058
    }
}
