{
    "frag": {
        "k": 5.3799614906311035,
        "theta": 38.5616340637207
    },
    "pcr_rate": 0.9107522964477539,
    "pulldown": {
        "f": 0.0021732638124376535,
        "s": 0.33456259965896606
    }
}
