{
    "frag": {
        "k": 5.3353800773620605,
        "theta": 38.72240447998047
    },
    "pcr_rate": 0.8793927431106567,
    "pulldown": {
        "f": 0.0034283273853361607,
        "s": 0.4588170051574707
    }
}
