{
    "frag": {
        "k": 6.6182403564453125,
        "theta": 34.767520904541016
    },
    "pcr_rate": 0.9657825827598572,
    "pulldown": {
        "f": 0.0008720586774870753,
        "s": 0.5242536664009094
    }
}
