{
    "frag": {
        "k": 5.340508460998535,
        "theta": 38.70380783081055
    },
    "pcr_rate": 0.8643861413002014,
    "pulldown": {
        "f": 0.004229748621582985,
        "s": 0.5238401889801025
    }
}
