{
    "frag": {
        "k": 5.40667724609375,
        "theta": 38.466243743896484
    },
    "pcr_rate": 0.9272838830947876,
    "pulldown": {
        "f": 0.0017308139940723777,
        "s": 0.2750348746776581
    }
}
