{
    "frag": {
        "k": 6.600459098815918,
        "theta": 34.8143196105957
    },
    "pcr_rate": 0.9851395487785339,
    "pulldown": {
        "f": 0.00021788182493764907,
        "s": 0.2752675414085388
    }
}
