{
    "frag": {
        "k": 6.659097194671631,
        "theta": 34.66069793701172
    },
    "pcr_rate": 0.980282187461853,
    "pulldown": {
        "f": 0.00030957956914789975,
        "s": 0.33628803491592407
    }
}
