{
    "frag": {
        "k": 5.529751777648926,
        "theta": 38.0357666015625
    },
    "pcr_rate": 0.96209716796875,
    "pulldown": {
        "f": 0.0010311489459127188,
        "s": 0.16129712760448456
    }
}
