{
    "frag": {
        "k": 5.330116271972656,
        "theta": 38.741519927978516
    },
    "pcr_rate": 0.8354824185371399,
    "pulldown": {
        "f": 0.004525669384747744,
        "s": 0.6602973937988281
    }
}
