{
    "frag": {
        "k": 5.3593831062316895,
        "theta": 38.63559341430664
    },
    "pcr_rate": 0.8948439359664917,
    "pulldown": {
        "f": 0.002758591203019023,
        "s": 0.3958491086959839
    }
}
