{
    "frag": {
        "k": 5.808732032775879,
        "theta": 37.111141204833984
    },
    "pcr_rate": 0.9950146079063416,
    "pulldown": {
        "f": 9.985447104554623e-05,
        "s": 0.15502770245075226
    }
}
