{
    "frag": {
        "k": 6.723282814025879,
        "theta": 34.49485397338867
    },
    "pcr_rate": 0.9562554955482483,
    "pulldown": {
        "f": 0.003187405178323388,
        "s": 0.6541697978973389
    }
}
