{
    "frag": {
        "k": 6.685764789581299,
        "theta": 34.59150314331055
    },
    "pcr_rate": 0.9610016942024231,
    "pulldown": {
        "f": 0.0014378351625055075,
        "s": 0.5887613296508789
    }
}
