{
    "frag": {
        "k": 5.345339298248291,
        "theta": 38.68631362915039
    },
    "pcr_rate": 0.8497517108917236,
    "pulldown": {
        "f": 0.0046454742550849915,
        "s": 0.591092050075531
    }
}
