{
    "frag": {
        "k": 6.320730209350586,
        "theta": 35.57634735107422
    },
    "pcr_rate": 0.9706028699874878,
    "pulldown": {
        "f": 0.0005961207789368927,
        "s": 0.4605599343776703
    }
}
