{
    "frag": {
        "k": 5.645423889160156,
        "theta": 37.644081115722656
    },
    "pcr_rate": 0.9806700944900513,
    "pulldown": {
        "f": 0.0006437356933020055,
        "s": 0.10692006349563599
    }
}
