{
    "frag": {
        "k": 6.510652542114258,
        "theta": 35.05360794067383
    },
    "pcr_rate": 0.9754157066345215,
    "pulldown": {
        "f": 0.0004271100915502757,
        "s": 0.39789003133773804
    }
}
