{
    "frag": {
        "k": 5.448716640472412,
        "theta": 38.317562103271484
    },
    "pcr_rate": 0.9443632960319519,
    "pulldown": {
        "f": 0.0014064183924347162,
        "s": 0.2174413651227951
    }
}
