{
    "frag": {
        "k": 6.701528549194336,
        "theta": 34.55079650878906
    },
    "pcr_rate": 0.9900529980659485,
    "pulldown": {
        "f": 0.00015327098662965,
        "s": 0.2152392566204071
    }
}
