{
    "frag": {
        "k": 5.163163661956787,
        "theta": 39.36289596557617
    },
    "pcr_rate": 0.994749128818512,
    "pulldown": {
        "f": 0.0003263817052356899,
        "s": 0.06240880861878395
    }
}
