{
    "frag": {
        "k": 5.180862903594971,
        "theta": 39.29560089111328
    },
    "pcr_rate": 0.9982241988182068,
    "pulldown": {
        "f": 0.0001794121926650405,
        "s": 0.03538898006081581
    }
}
