{
    "frag": {
        "k": 5.214442253112793,
        "theta": 39.16887283325195
    },
    "pcr_rate": 0.9930596351623535,
    "pulldown": {
        "f": 0.0003900157753378153,
        "s": 0.07585043460130692
    }
}
