{
    "frag": {
        "k": 7.046676158905029,
        "theta": 33.69401931762695
    },
    "pcr_rate": 0.9917335510253906,
    "pulldown": {
        "f": 0.0058027091436088085,
        "s": 0.0990990623831749
    }
}
