{
    "frag": {
        "k": 8.577595710754395,
        "theta": 30.539520263671875
    },
    "pcr_rate": 0.9237883687019348,
    "pulldown": {
        "f": 0.0027295167092233896,
        "s": 0.47695937752723694
    }
}
