{
    "frag": {
        "k": 7.77203893661499,
        "theta": 32.083187103271484
    },
    "pcr_rate": 0.9835448861122131,
    "pulldown": {
        "f": 0.004802640061825514,
        "s": 0.13968171179294586
    }
}
