{
    "frag": {
        "k": 8.507074356079102,
        "theta": 30.665842056274414
    },
    "pcr_rate": 0.9452072978019714,
    "pulldown": {
        "f": 0.0028852028772234917,
        "s": 0.3468153774738312
    }
}
