{
    "frag": {
        "k": 5.258155345916748,
        "theta": 39.00571823120117
    },
    "pcr_rate": 0.9850094318389893,
    "pulldown": {
        "f": 0.0007253374205902219,
        "s": 0.14069700241088867
    }
}
