{
    "frag": {
        "k": 5.173752784729004,
        "theta": 39.322593688964844
    },
    "pcr_rate": 0.9897668957710266,
    "pulldown": {
        "f": 0.0005096240201964974,
        "s": 0.10212206840515137
    }
}
