{
    "frag": {
        "k": 8.426103591918945,
        "theta": 30.812829971313477
    },
    "pcr_rate": 0.9525608420372009,
    "pulldown": {
        "f": 0.0029563670977950096,
        "s": 0.3044891059398651
    }
}
