{
    "frag": {
        "k": 5.178795337677002,
        "theta": 39.303443908691406
    },
    "pcr_rate": 0.9881590008735657,
    "pulldown": {
        "f": 0.0005621871678158641,
        "s": 0.11508018523454666
    }
}
