{
    "frag": {
        "k": 5.211396217346191,
        "theta": 39.18031692504883
    },
    "pcr_rate": 0.9865738749504089,
    "pulldown": {
        "f": 0.0006521090399473906,
        "s": 0.12789574265480042
    }
}
