{
    "frag": {
        "k": 5.231091499328613,
        "theta": 39.10649108886719
    },
    "pcr_rate": 0.9964774250984192,
    "pulldown": {
        "f": 0.0002457100199535489,
        "s": 0.04900069907307625
    }
}
