{
    "frag": {
        "k": 8.1407470703125,
        "theta": 31.34821891784668
    },
    "pcr_rate": 0.9755703806877136,
    "pulldown": {
        "f": 0.003671008860692382,
        "s": 0.1803179383277893
    }
}
