{
    "frag": {
        "k": 8.283798217773438,
        "theta": 31.076366424560547
    },
    "pcr_rate": 0.9601085782051086,
    "pulldown": {
        "f": 0.003127439646050334,
        "s": 0.2625691592693329
    }
}
