{
    "frag": {
        "k": 5.210198402404785,
        "theta": 39.18482208251953
    },
    "pcr_rate": 0.9914067983627319,
    "pulldown": {
        "f": 0.00044565281132236123,
        "s": 0.08912792056798935
    }
}
