{
    "frag": {
        "k": 5.260233402252197,
        "theta": 38.99801254272461
    },
    "pcr_rate": 0.9834761619567871,
    "pulldown": {
        "f": 0.0008115803357213736,
        "s": 0.15327239036560059
    }
}
