{
    "frag": {
        "k": 8.557336807250977,
        "theta": 30.57564926147461
    },
    "pcr_rate": 0.9307876229286194,
    "pulldown": {
        "f": 0.0027014748193323612,
        "s": 0.43305569887161255
    }
}
