{
    "frag": {
        "k": 8.296573638916016,
        "theta": 31.052431106567383
    },
    "pcr_rate": 0.9677388668060303,
    "pulldown": {
        "f": 0.0034735749941319227,
        "s": 0.221247136592865
    }
}
