{
    "frag": {
        "k": 8.51142406463623,
        "theta": 30.658004760742188
    },
    "pcr_rate": 0.9379197359085083,
    "pulldown": {
        "f": 0.002719084732234478,
        "s": 0.3896300196647644
    }
}
