{
    "frag": {
        "k": 6.147709846496582,
        "theta": 36.07350158691406
    },
    "pcr_rate": 0.9252275824546814,
    "pulldown": {
        "f": 0.0011870382586494088,
        "s": 0.4949241578578949
    }
}
