{
    "frag": {
        "k": 6.1006693840026855,
        "theta": 36.212310791015625
    },
    "pcr_rate": 0.9329289793968201,
    "pulldown": {
        "f": 0.0008347519906237721,
        "s": 0.4467075765132904
    }
}
