{
    "frag": {
        "k": 6.019704818725586,
        "theta": 36.45502471923828
    },
    "pcr_rate": 0.9487314820289612,
    "pulldown": {
        "f": 0.00046777480747550726,
        "s": 0.3523459732532501
    }
}
