{
    "frag": {
        "k": 5.55896520614624,
        "theta": 37.935691833496094
    },
    "pcr_rate": 0.9909789562225342,
    "pulldown": {
        "f": 9.699087240733206e-05,
        "s": 0.1267283707857132
    }
}
