{
    "frag": {
        "k": 6.1766676902771,
        "theta": 35.98884201049805
    },
    "pcr_rate": 0.9176787734031677,
    "pulldown": {
        "f": 0.0019255607621744275,
        "s": 0.5436966419219971
    }
}
