{
    "frag": {
        "k": 5.988672256469727,
        "theta": 36.549354553222656
    },
    "pcr_rate": 0.9651631116867065,
    "pulldown": {
        "f": 0.00026225726469419897,
        "s": 0.26047807931900024
    }
}
