{
    "frag": {
        "k": 5.966637134552002,
        "theta": 36.616783142089844
    },
    "pcr_rate": 0.9568677544593811,
    "pulldown": {
        "f": 0.00034710566978901625,
        "s": 0.3060501217842102
    }
}
