{
    "frag": {
        "k": 5.93111515045166,
        "theta": 36.72626876831055
    },
    "pcr_rate": 0.9735736846923828,
    "pulldown": {
        "f": 0.00019736522517632693,
        "s": 0.2154022753238678
    }
}
