{
    "frag": {
        "k": 6.028994083404541,
        "theta": 36.42692947387695
    },
    "pcr_rate": 0.9407670497894287,
    "pulldown": {
        "f": 0.0006239148788154125,
        "s": 0.3991948366165161
    }
}
