{
    "frag": {
        "k": 5.827655792236328,
        "theta": 37.050838470458984
    },
    "pcr_rate": 0.9821703433990479,
    "pulldown": {
        "f": 0.0001432866556569934,
        "s": 0.17091530561447144
    }
}
