{
    "frag": {
        "k": 5.792497158050537,
        "theta": 37.16311264038086
    },
    "pcr_rate": 0.9610016942024231,
    "pulldown": {
        "f": 0.004738024435937405,
        "s": 0.5237961411476135
    }
}
