{
    "frag": {
        "k": 5.76936674118042,
        "theta": 37.23753356933594
    },
    "pcr_rate": 0.9657825827598572,
    "pulldown": {
        "f": 0.004572858102619648,
        "s": 0.46398356556892395
    }
}
