{
    "frag": {
        "k": 5.734858512878418,
        "theta": 37.34939956665039
    },
    "pcr_rate": 0.9754157066345215,
    "pulldown": {
        "f": 0.0047720372676849365,
        "s": 0.3469958007335663
    }
}
