{
    "frag": {
        "k": 5.3782877922058105,
        "theta": 38.567630767822266
    },
    "pcr_rate": 0.9443632960319519,
    "pulldown": {
        "f": 0.001117207924835384,
        "s": 0.1972769945859909
    }
}
