{
    "frag": {
        "k": 5.3798418045043945,
        "theta": 38.56206130981445
    },
    "pcr_rate": 0.8793927431106567,
    "pulldown": {
        "f": 0.0013621840626001358,
        "s": 0.4307599365711212
    }
}
