{
    "frag": {
        "k": 5.639317035675049,
        "theta": 37.664459228515625
    },
    "pcr_rate": 0.9851395487785339,
    "pulldown": {
        "f": 0.004815025255084038,
        "s": 0.23299995064735413
    }
}
