{
    "frag": {
        "k": 5.385459899902344,
        "theta": 38.54194259643555
    },
    "pcr_rate": 0.9272838830947876,
    "pulldown": {
        "f": 0.0011627021012827754,
        "s": 0.2530648112297058
    }
}
