{
    "frag": {
        "k": 5.4014892578125,
        "theta": 38.484710693359375
    },
    "pcr_rate": 0.8948439359664917,
    "pulldown": {
        "f": 0.0013097469927743077,
        "s": 0.36987149715423584
    }
}
