{
    "frag": {
        "k": 5.823573589324951,
        "theta": 37.06382369995117
    },
    "pcr_rate": 0.9515323042869568,
    "pulldown": {
        "f": 0.004754678346216679,
        "s": 0.6460852026939392
    }
}
