{
    "frag": {
        "k": 5.391438961029053,
        "theta": 38.520565032958984
    },
    "pcr_rate": 0.8643861413002014,
    "pulldown": {
        "f": 0.0013595439959317446,
        "s": 0.493662029504776
    }
}
