{
    "frag": {
        "k": 5.345913410186768,
        "theta": 38.68423843383789
    },
    "pcr_rate": 0.96209716796875,
    "pulldown": {
        "f": 0.0009485464543104172,
        "s": 0.14297263324260712
    }
}
