{
    "frag": {
        "k": 5.559757709503174,
        "theta": 37.932987213134766
    },
    "pcr_rate": 0.9900529980659485,
    "pulldown": {
        "f": 0.00538485124707222,
        "s": 0.17720545828342438
    }
}
