{
    "frag": {
        "k": 5.377971172332764,
        "theta": 38.56876754760742
    },
    "pcr_rate": 0.8354824185371399,
    "pulldown": {
        "f": 0.0013417438603937626,
        "s": 0.6255990266799927
    }
}
