{
    "frag": {
        "k": 5.781013488769531,
        "theta": 37.20000457763672
    },
    "pcr_rate": 0.9706028699874878,
    "pulldown": {
        "f": 0.004865212365984917,
        "s": 0.4052355885505676
    }
}
