{
    "frag": {
        "k": 5.403439998626709,
        "theta": 38.47776412963867
    },
    "pcr_rate": 0.9107522964477539,
    "pulldown": {
        "f": 0.0012687441194429994,
        "s": 0.31061771512031555
    }
}
