{
    "frag": {
        "k": 5.34694766998291,
        "theta": 38.68049621582031
    },
    "pcr_rate": 0.9806700944900513,
    "pulldown": {
        "f": 0.000586681766435504,
        "s": 0.09025083482265472
    }
}
