{
    "frag": {
        "k": 5.375304222106934,
        "theta": 38.57833480834961
    },
    "pcr_rate": 0.8497517108917236,
    "pulldown": {
        "f": 0.0013166936114430428,
        "s": 0.5586573481559753
    }
}
