{
    "frag": {
        "k": 5.694117069244385,
        "theta": 37.48278045654297
    },
    "pcr_rate": 0.980282187461853,
    "pulldown": {
        "f": 0.0046491255052387714,
        "s": 0.28958845138549805
    }
}
