{
    "frag": {
        "k": 5.812934875488281,
        "theta": 37.09772491455078
    },
    "pcr_rate": 0.9562554955482483,
    "pulldown": {
        "f": 0.004863359034061432,
        "s": 0.5845369696617126
    }
}
