{
    "frag": {
        "k": 5.325112819671631,
        "theta": 38.75971603393555
    },
    "pcr_rate": 0.9950146079063416,
    "pulldown": {
        "f": 0.006578593049198389,
        "s": 0.1219201534986496
    }
}
